{"cameraMode":{"drawMode":0,"name":"Shaded","section":"Shading Mode"},"sceneLighting":true,"audioPlay":false,"sceneViewState":{"m_AlwaysRefresh":false,"showFog":true,"showSkybox":true,"showFlares":true,"showImageEffects":true,"showParticleSystems":true,"showVisualEffectGraphs":true,"m_FxEnabled":false},"in2DMode":false,"pivot":{"x":-3.352642059326172,"y":-0.8723991513252258,"z":1.5148394107818604},"rotation":{"x":0.018913405016064645,"y":-0.8955917358398438,"z":0.4429481625556946,"w":0.03816605731844902},"size":7.434149742126465,"orthographic":false}