{"cameraMode":{"drawMode":31,"name":"Sprite Mask","section":"Miscellaneous"},"sceneLighting":false,"audioPlay":false,"sceneViewState":{"m_AlwaysRefresh":false,"showFog":true,"showSkybox":true,"showFlares":true,"showImageEffects":true,"showParticleSystems":true,"showVisualEffectGraphs":true,"m_FxEnabled":false},"in2DMode":false,"pivot":{"x":-0.23855829238891602,"y":0.016518115997314454,"z":0.43495750427246096},"rotation":{"x":0.24025407433509828,"y":-0.5891438126564026,"z":0.18924322724342347,"w":0.7479384541511536},"size":4.6141815185546879,"orthographic":false}