{"cameraMode":{"drawMode":31,"name":"Sprite Mask","section":"Miscellaneous"},"sceneLighting":true,"audioPlay":false,"sceneViewState":{"m_AlwaysRefresh":false,"showFog":true,"showSkybox":true,"showFlares":true,"showImageEffects":true,"showParticleSystems":true,"showVisualEffectGraphs":true,"m_FxEnabled":false},"in2DMode":false,"pivot":{"x":-0.23855829238891602,"y":0.016518115997314454,"z":0.43495750427246096},"rotation":{"x":-0.4094393849372864,"y":-0.5668790340423584,"z":0.38559451699256899,"w":-0.6019534468650818},"size":7.3124165534973148,"orthographic":false}